{
  "macro_f1_present": 0.08333333333333333,
  "macro_f1_all": 0.05555555555555555,
  "accuracy": 0.16666666666666666
}