{
  "mae_persist": 0.0042465687142928445,
  "mae_prophet": 0.004752360818789329,
  "mae_gbm": 0.0050596771236777055
}